ID_SEC;ID_PRO;QTD_PRO
1;17;0
1;21;0
1;31;0
1;47;0
1;67;0
1;68;0
1;70;0
1;82;0
1;86;0
1;95;0
1;178;0
1;204;0
1;399;0
1;429;0
1;447;0
1;609;0
1;645;0
1;653;0
1;755;0
1;1268;0
1;1397;0
1;1400;0
1;1402;0
1;1447;0
1;1520;0
1;1584;0
1;1734;0
1;1780;0
1;1845;0
1;1864;0
1;1866;0
1;1895;0
1;1907;0
1;1914;0
1;1917;0
1;1928;0
1;1988;0
1;1999;0
1;2056;0
1;2229;0
1;2325;0
1;2341;0
1;2345;0
1;2348;0
1;2352;0
1;2435;0
1;2499;0
1;2572;0
1;2867;0
1;2886;0
1;2898;0
1;2974;0
1;3037;0
1;3176;0
1;3190;0
1;3245;0
1;3280;0
1;3284;0
1;3373;0
1;3529;0
1;3549;0
1;3550;0
1;3573;0
1;3574;0
1;3593;0
1;3634;0
1;3637;0
1;3727;0
1;3730;0
1;3732;0
1;3817;0
1;4107;0
1;4108;0
1;4119;0
1;4126;0
1;4143;0
1;4197;0
1;4236;0
1;4241;0
1;4451;0
1;4515;0
1;4612;0
1;4647;0
1;4815;0
1;4913;0
1;5001;0
1;5014;0
1;5021;0
1;5022;0
1;5039;0
1;5040;0
1;5247;0
1;5273;0
1;5295;0
1;5303;0
1;5381;0
1;5401;0
1;5408;0
1;5442;0
1;5443;0
1;5463;0
1;5575;0
1;5576;0
1;5577;0
1;5578;0
1;5619;0
1;5629;0
1;5647;0
1;5673;0
1;5709;0
1;5711;0
1;5712;0
1;5721;0
1;5722;0
1;5724;0
1;5725;0
1;5726;0
1;5727;0
1;5728;0
1;5729;0
1;5730;0
1;5731;0
1;5732;0
1;5733;0
1;5734;0
1;5735;0
1;5736;0
1;5737;0
1;5738;0
1;5739;0
1;5740;0
1;5741;0
1;5748;0
1;5751;0
1;5756;0
1;5761;0
1;5765;0
1;5773;0
1;5774;0
1;5776;0
1;5781;0
1;5790;0
1;5791;0
1;5793;0
1;5795;0
1;5796;0
1;5831;0
1;5882;0
1;5883;0
1;5893;0
1;5894;0
1;5896;0
1;5897;0
1;5899;0
1;5955;0
1;5956;0
1;5957;0
1;5978;0
1;5979;0
1;5980;0
1;5981;0
1;5986;0
1;5987;0
1;5999;0
1;6006;0
1;6091;0
1;6092;0
1;6094;0
1;6096;0
1;6098;0
1;6103;0
1;6106;0
1;6107;0
1;6110;0
1;6111;0
1;6152;0
1;6153;0
1;6155;0
1;6160;0
1;6161;0
1;6162;0
1;6163;0
1;6206;0
1;6215;0
1;6218;0
1;6225;0
1;6226;0
1;6227;0
1;6228;0
1;6276;0
1;6277;0
1;6278;0
1;6279;0
1;6341;0
1;6342;0
1;6343;0
1;6344;0
1;6345;0
1;6353;0
1;6354;0
1;6355;0
1;6356;0
1;6358;0
1;6359;0
1;6360;0
1;6361;0
1;6362;0
1;6364;0
1;6365;0
1;6366;0
1;6367;0
1;6368;0
1;6369;0
1;6370;0
1;6371;0
1;6372;0
1;6373;0
1;6375;0
1;6382;0
1;6386;0
1;6394;0
1;6395;0
1;6396;0
1;6397;0
1;6398;0
1;6399;0
1;6400;0
1;6401;0
1;6402;0
1;6403;0
1;6405;0
1;6407;0
1;6408;0
1;6409;0
1;6410;0
1;6412;0
1;6439;0
1;6472;0
1;6541;0
1;6542;0
1;6544;0
1;6552;0
1;6562;0
1;6631;0
1;6658;0
1;6659;0
1;6660;0
1;6662;0
1;6664;0
1;6665;0
1;6666;0
1;6667;0
1;6671;0
1;6686;0
1;6710;0
1;6725;0
1;6727;0
1;6733;0
1;6735;0
1;6742;0
1;6743;0
1;6744;0
1;6745;0
1;6746;0
1;6747;0
1;6758;0
1;6818;0
1;6819;0
1;6820;0
1;6821;0
1;6828;0
1;6829;0
1;6843;0
1;6844;0
1;6846;0
1;6848;0
1;6849;0
1;6850;0
1;6875;0
1;6877;0
1;6878;0
1;6879;0
1;6899;0
1;6901;0
1;6902;0
1;6904;0
1;6905;0
1;6906;0
1;6908;0
1;6909;0
1;6910;0
1;6912;0
1;6913;0
1;6936;0
1;6945;0
1;6977;0
1;6978;0
1;6979;0
1;6980;0
1;6981;0
1;6982;0
1;6983;0
1;6984;0
1;6986;0
1;6987;0
1;6988;0
1;6989;0
1;6991;0
1;6992;0
1;6993;0
1;6994;0
1;6995;0
1;6996;0
1;6997;0
1;6998;0
1;6999;0
1;7000;0
1;7001;0
1;7002;0
1;7003;0
1;7004;0
1;7038;0
1;7080;0
1;7081;0
1;7082;0
1;7083;0
1;7087;0
1;7088;0
1;7089;0
1;7090;0
1;7091;0
1;7118;0
1;7119;0
1;7120;0
1;7121;0
1;7162;0
1;7177;0
1;7190;0
1;7211;0
1;7220;0
1;7221;0
1;7222;0
1;7223;0
1;7224;0
1;7226;0
1;7227;0
1;7230;0
1;7236;0
1;7241;0
1;7250;0
1;7251;0
1;7255;0
1;7274;0
1;7283;0
1;7284;0
1;7287;0
1;7291;0
1;7297;0
1;7299;0
1;7300;0
1;7301;0
1;7302;0
1;7305;0
1;7306;0
1;7307;0
1;7308;0
1;7309;0
1;7310;0
1;7311;0
1;7312;0
1;7338;0
1;7339;0
1;7341;0
1;7385;0
1;7432;0
1;7433;0
1;7434;0
1;7437;0
1;7438;0
1;7439;0
1;7440;0
1;7496;0
1;7499;0
1;7503;0
1;7508;0
1;7590;0
1;7592;0
1;7604;0
1;7605;0
1;7606;0
1;7607;0
1;7608;0
1;7609;0
1;7610;0
1;7611;0
1;7612;0
1;7613;0
1;7614;0
1;7615;0
1;7616;0
1;7617;0
1;7628;0
1;7629;0
1;7630;0
1;7631;0
1;7632;0
1;7634;0
1;7635;0
1;7636;0
1;7637;0
1;7638;0
1;7639;0
1;7664;0
1;7673;0
1;7694;0
1;7740;0
1;7759;0
1;7760;0
1;7775;0
1;7776;0
1;7777;0
1;7780;0
1;7781;0
1;7782;0
1;7786;0
1;7788;0
1;7789;0
1;7824;0
1;7825;0
1;7829;0
1;7862;0
1;7863;0
1;7864;0
1;7865;0
1;7866;0
1;7867;0
1;7868;0
1;7869;0
1;7870;0
1;7871;0
1;7872;0
1;7873;0
1;7874;0
1;7875;0
1;7876;0
1;7877;0
1;7878;0
1;7879;0
1;7880;0
1;7881;0
1;7882;0
1;7883;0
1;7884;0
1;7885;0
1;7886;0
1;7887;0
1;7888;0
1;7889;0
1;7890;0
1;7891;0
1;7892;0
1;7893;0
1;7894;0
1;7895;0
1;7896;0
1;7897;0
1;7898;0
1;7899;0
1;7900;0
1;7901;0
1;7902;0
1;7903;0
1;7904;0
1;7905;0
1;7906;0
1;7907;0
1;7908;0
1;7909;0
1;7910;0
1;7911;0
1;7912;0
1;7913;0
1;7914;0
1;7915;0
1;7916;0
1;7917;0
1;7918;0
1;7919;0
1;7920;0
1;7921;0
1;7922;0
1;7926;0
1;7927;0
1;7928;0
1;7929;0
1;7930;0
1;7931;0
1;7934;0
1;7935;0
1;7936;0
1;7939;0
1;7940;0
1;7941;0
1;7986;0
1;8038;0
1;8041;0
1;8043;0
1;8044;0
1;8045;0
1;8046;0
1;8048;0
1;8049;0
1;8050;0
1;8051;0
1;8053;0
1;8054;0
1;8055;0
1;8056;0
1;8057;0
1;8058;0
1;8059;0
1;8060;0
1;8061;0
1;8062;0
1;8063;0
1;8064;0
1;8065;0
1;8066;0
1;8067;0
1;8068;0
1;8069;0
1;8070;0
1;8071;0
1;8072;0
1;8073;0
1;8074;0
1;8075;0
1;8076;0
1;8077;0
1;8143;0
1;8145;0
1;8236;0
1;8237;0
1;8243;0
1;8245;0
1;8270;0
1;8271;0
1;8272;0
1;8273;0
1;8276;0
1;8278;0
1;8280;0
1;8281;0
1;8282;0
1;8283;0
1;8285;0
1;8301;0
1;8302;0
1;8307;0
1;8320;0
1;8321;0
1;8332;0
1;8381;0
1;8399;0
1;8447;0
1;8448;0
1;8449;0
1;8454;0
1;8455;0
1;8464;0
1;8538;0
1;8544;0
1;8591;0
1;8592;0
1;8593;0
1;8594;0
1;8595;0
1;8596;0
1;8597;0
1;8598;0
1;8599;0
1;8600;0
1;8601;0
1;8602;0
1;8603;0
1;8604;0
1;8605;0
1;8606;0
1;8607;0
1;8608;0
1;8609;0
1;8610;0
1;8613;0
1;8614;0
1;8615;0
1;8616;0
1;8617;0
1;8618;0
1;8619;0
1;8620;0
1;8621;0
1;8637;0
1;8659;0
1;8660;0
1;8661;0
1;8662;0
1;8663;0
1;8664;0
1;8716;0
1;8717;0
1;8718;0
1;8719;0
1;8776;0
1;8777;0
1;8801;0
1;8809;0
1;8815;0
1;8816;0
1;8830;0
1;8832;0
1;8833;0
1;8834;0
1;8835;0
1;8836;0
1;8837;0
1;8839;0
1;8840;0
1;8851;0
1;8853;0
1;8854;0
1;8855;0
1;8856;0
1;8973;0
1;8974;0
1;8975;0
1;8976;0
1;8977;0
1;8979;0
1;9033;0
1;9132;0
1;9133;0
1;9134;0
1;9138;0
1;9139;0
1;9140;0
1;9185;0
1;9199;0
1;9206;0
1;9207;0
1;9253;0
1;9254;0
1;9255;0
1;9262;0
3;34;0
3;40;0
3;47;0
3;68;0
3;77;0
3;85;0
3;86;0
3;100;0
3;118;0
3;211;0
3;212;0
3;213;0
3;214;0
3;217;0
3;220;0
3;223;0
3;226;0
3;228;0
3;230;0
3;233;0
3;234;0
3;298;0
3;314;0
3;334;0
3;339;0
3;351;0
3;359;0
3;362;0
3;367;0
3;388;0
3;393;0
3;394;0
3;432;0
3;451;0
3;492;0
3;493;0
3;495;0
3;497;0
3;533;0
3;535;0
3;570;0
3;604;0
3;613;0
3;616;0
3;618;0
3;635;0
3;653;0
3;659;0
3;663;0
3;671;0
3;681;0
3;737;0
3;792;0
3;900;0
3;924;0
3;978;0
3;1025;0
3;1135;0
3;1226;0
3;1243;0
3;1272;0
3;1280;0
3;1293;0
3;1295;0
3;1299;0
3;1341;0
3;1391;0
3;1408;0
3;1428;0
3;1457;0
3;1546;0
3;1550;0
3;1635;0
3;1671;0
3;1705;0
3;1714;0
3;1715;0
3;1719;0
3;1720;0
3;1721;0
3;1730;0
3;1731;0
3;1734;0
3;1762;0
3;1776;0
3;1780;0
3;1784;0
3;1793;0
3;1828;0
3;1864;0
3;1867;0
3;1897;0
3;1909;0
3;1922;0
3;1942;0
3;1953;0
3;1957;0
3;1960;0
3;1967;0
3;1979;0
3;1999;0
3;2032;0
3;2035;0
3;2047;0
3;2052;0
3;2055;0
3;2059;0
3;2138;0
3;2153;0
3;2164;0
3;2172;0
3;2175;0
3;2229;0
3;2234;0
3;2252;0
3;2261;0
3;2272;0
3;2273;0
3;2297;0
3;2303;0
3;2305;0
3;2333;0
3;2345;0
3;2373;0
3;2428;0
3;2429;0
3;2467;0
3;2468;0
3;2470;0
3;2475;0
3;2477;0
3;2490;0
3;2492;0
3;2507;0
3;2509;0
3;2514;0
3;2573;0
3;2575;0
3;2577;0
3;2578;0
3;2581;0
3;2582;0
3;2635;0
3;2648;0
3;2725;0
3;2727;0
3;2780;0
3;2815;0
3;2817;0
3;2857;0
3;2864;0
3;2870;0
3;2884;0
3;2893;0
3;2896;0
3;2905;0
3;2993;0
3;2999;0
3;3037;0
3;3172;0
3;3176;0
3;3178;0
3;3187;0
3;3189;1750
3;3190;0
3;3194;0
3;3196;0
3;3205;0
3;3225;0
3;3226;0
3;3238;0
3;3269;0
3;3272;0
3;3284;0
3;3288;0
3;3317;0
3;3320;0
3;3354;0
3;3365;0
3;3371;0
3;3374;0
3;3375;30
3;3405;0
3;3425;0
3;3463;0
3;3474;0
3;3475;0
3;3503;0
3;3513;0
3;3534;0
3;3537;0
3;3539;0
3;3540;0
3;3553;0
3;3569;0
3;3570;0
3;3573;0
3;3574;0
3;3577;0
3;3578;0
3;3580;70
3;3637;0
3;3648;0
3;3656;0
3;3666;0
3;3725;0
3;3730;0
3;3732;0
3;3745;0
3;3754;0
3;3774;0
3;3778;0
3;3779;0
3;3797;0
3;3804;0
3;3821;0
3;3832;0
3;3852;0
3;3866;0
3;3904;0
3;3970;0
3;4034;0
3;4037;0
3;4057;0
3;4059;0
3;4060;0
3;4069;0
3;4075;0
3;4078;0
3;4085;0
3;4107;0
3;4119;0
3;4122;0
3;4125;0
3;4128;0
3;4129;0
3;4130;0
3;4132;0
3;4134;0
3;4142;0
3;4179;0
3;4187;0
3;4205;0
3;4259;0
3;4260;0
3;4266;0
3;4298;0
3;4308;0
3;4361;0
3;4368;0
3;4374;0
3;4381;0
3;4382;0
3;4389;0
3;4421;0
3;4428;0
3;4455;0
3;4461;0
3;4476;0
3;4477;0
3;4490;0
3;4506;0
3;4590;0
3;4602;0
3;4606;0
3;4634;0
3;4635;0
3;4660;0
3;4663;0
3;4667;0
3;4671;0
3;4672;0
3;4673;0
3;4674;0
3;4675;0
3;4686;0
3;4687;0
3;4689;10
3;4692;0
3;4697;0
3;4701;0
3;4702;0
3;4815;0
3;4818;0
3;4819;0
3;4820;0
3;4823;0
3;4824;0
3;4827;750
3;4878;0
3;4911;0
3;4913;0
3;4915;0
3;4916;0
3;5009;0
3;5044;0
3;5126;0
3;5174;0
3;5188;0
3;5219;0
3;5246;0
3;5249;0
3;5262;0
3;5265;0
3;5268;0
3;5271;0
3;5273;0
3;5276;0
3;5277;0
3;5295;0
3;5298;0
3;5301;100
3;5302;0
3;5306;80
3;5310;0
3;5313;0
3;5378;0
3;5380;0
3;5388;0
3;5390;0
3;5392;0
3;5404;0
3;5405;0
3;5407;0
3;5413;0
3;5433;0
3;5435;0
3;5437;0
3;5440;0
3;5450;0
3;5459;0
3;5463;0
3;5468;0
3;5471;0
3;5491;0
3;5504;0
3;5524;0
3;5525;0
3;5526;0
3;5527;0
3;5528;0
3;5529;0
3;5530;0
3;5531;0
3;5536;0
3;5538;0
3;5539;0
3;5540;0
3;5546;0
3;5547;0
3;5550;0
3;5551;0
3;5554;0
3;5555;0
3;5558;0
3;5567;0
3;5568;0
3;5569;0
3;5570;0
3;5571;0
3;5572;0
3;5577;0
3;5579;0
3;5582;0
3;5583;0
3;5585;0
3;5586;0
3;5587;0
3;5588;0
3;5589;0
3;5590;0
3;5591;0
3;5592;0
3;5593;0
3;5594;0
3;5595;0
3;5598;0
3;5599;0
3;5600;0
3;5601;0
3;5602;0
3;5603;0
3;5604;0
3;5605;0
3;5606;0
3;5607;0
3;5608;0
3;5610;0
3;5611;0
3;5612;0
3;5614;0
3;5615;0
3;5616;0
3;5617;0
3;5618;0
3;5619;0
3;5620;0
3;5621;0
3;5622;0
3;5623;0
3;5624;0
3;5625;0
3;5626;0
3;5627;0
3;5628;0
3;5629;0
3;5630;0
3;5631;0
3;5632;0
3;5633;0
3;5634;0
3;5635;0
3;5636;0
3;5637;0
3;5638;0
3;5639;0
3;5640;0
3;5641;0
3;5642;0
3;5643;0
3;5644;0
3;5645;0
3;5646;0
3;5661;0
3;5672;0
3;5709;0
3;5710;0
3;5711;0
3;5712;0
3;5713;0
3;5714;0
3;5715;0
3;5716;0
3;5717;0
3;5718;0
3;5719;0
3;5720;0
3;5742;0
3;5743;0
3;5744;0
3;5747;0
3;5748;0
3;5749;0
3;5750;0
3;5751;0
3;5753;0
3;5755;0
3;5756;0
3;5757;0
3;5759;0
3;5761;0
3;5764;0
3;5765;0
3;5766;0
3;5767;0
3;5768;0
3;5769;0
3;5770;0
3;5771;0
3;5772;0
3;5773;0
3;5774;0
3;5776;0
3;5777;0
3;5778;0
3;5780;0
3;5783;0
3;5784;0
3;5785;0
3;5786;0
3;5788;0
3;5789;71
3;5790;0
3;5791;0
3;5792;0
3;5793;0
3;5794;0
3;5795;0
3;5796;0
3;5797;0
3;5806;0
3;5825;0
3;5826;0
3;5827;0
3;5828;0
3;5829;0
3;5831;0
3;5832;0
3;5833;0
3;5853;0
3;5854;0
3;5855;0
3;5856;0
3;5857;0
3;5858;0
3;5859;0
3;5860;0
3;5861;0
3;5865;0
3;5866;0
3;5867;0
3;5868;0
3;5869;0
3;5870;0
3;5871;0
3;5872;0
3;5873;0
3;5874;0
3;5875;0
3;5876;0
3;5877;0
3;5878;0
3;5879;0
3;5880;0
3;5886;0
3;5887;0
3;5888;0
3;5889;0
3;5890;0
3;5891;0
3;5892;0
3;5893;0
3;5894;0
3;5895;0
3;5896;0
3;5897;0
3;5898;0
3;5899;0
3;5900;0
3;5901;0
3;5902;0
3;5903;0
3;5916;0
3;5978;0
3;5979;0
3;5980;0
3;5981;0
3;5987;0
3;5989;0
3;5992;0
3;5993;0
3;5995;0
3;5996;0
3;5997;0
3;5999;0
3;6002;148
3;6005;0
3;6006;0
3;6027;0
3;6055;0
3;6060;0
3;6061;0
3;6062;0
3;6063;0
3;6064;0
3;6065;0
3;6066;0
3;6067;0
3;6068;0
3;6069;0
3;6070;0
3;6071;0
3;6072;0
3;6073;0
3;6074;0
3;6080;0
3;6081;0
3;6083;0
3;6084;0
3;6085;0
3;6086;0
3;6087;0
3;6088;0
3;6089;0
3;6090;0
3;6091;0
3;6094;0
3;6097;0
3;6098;0
3;6099;0
3;6105;0
3;6106;0
3;6107;0
3;6108;0
3;6110;0
3;6112;0
3;6113;0
3;6114;0
3;6115;0
3;6116;0
3;6117;0
3;6118;0
3;6119;0
3;6120;0
3;6121;0
3;6122;0
3;6123;0
3;6124;0
3;6125;0
3;6126;0
3;6127;0
3;6128;0
3;6129;0
3;6130;0
3;6131;0
3;6132;0
3;6133;0
3;6134;0
3;6135;0
3;6136;0
3;6138;0
3;6139;0
3;6140;0
3;6141;0
3;6142;0
3;6143;0
3;6144;0
3;6145;0
3;6146;0
3;6147;0
3;6148;0
3;6149;0
3;6150;0
3;6151;0
3;6155;0
3;6157;0
3;6158;0
3;6159;0
3;6160;0
3;6162;0
3;6163;0
3;6164;0
3;6191;0
3;6192;0
3;6193;0
3;6194;0
3;6195;0
3;6196;0
3;6197;0
3;6198;0
3;6199;0
3;6200;0
3;6201;0
3;6202;0
3;6203;0
3;6207;0
3;6208;0
3;6209;0
3;6210;0
3;6211;0
3;6212;0
3;6213;0
3;6214;0
3;6215;0
3;6216;0
3;6217;0
3;6218;0
3;6219;0
3;6220;0
3;6221;0
3;6222;0
3;6223;0
3;6224;0
3;6225;0
3;6226;0
3;6227;0
3;6228;0
3;6229;0
3;6230;0
3;6231;0
3;6232;0
3;6233;0
3;6234;0
3;6243;0
3;6250;0
3;6251;0
3;6252;0
3;6253;0
3;6257;0
3;6268;0
3;6269;0
3;6270;0
3;6271;0
3;6272;0
3;6273;0
3;6274;0
3;6276;0
3;6285;0
3;6304;0
3;6305;0
3;6307;0
3;6308;0
3;6309;0
3;6310;0
3;6338;0
3;6339;0
3;6340;0
3;6344;0
3;6345;0
3;6346;0
3;6347;0
3;6348;0
3;6349;0
3;6350;0
3;6354;0
3;6355;0
3;6356;0
3;6359;0
3;6364;0
3;6367;0
3;6368;0
3;6372;0
3;6373;0
3;6374;0
3;6375;0
3;6376;0
3;6378;0
3;6379;0
3;6380;0
3;6382;0
3;6384;0
3;6385;0
3;6386;0
3;6387;0
3;6388;0
3;6389;0
3;6392;0
3;6394;0
3;6395;0
3;6396;0
3;6397;0
3;6398;0
3;6400;0
3;6401;0
3;6402;0
3;6405;0
3;6407;0
3;6408;0
3;6412;0
3;6414;0
3;6415;0
3;6416;0
3;6417;0
3;6418;0
3;6420;0
3;6421;0
3;6422;0
3;6423;0
3;6424;0
3;6425;0
3;6426;0
3;6427;0
3;6428;0
3;6429;0
3;6430;0
3;6431;0
3;6432;0
3;6433;0
3;6434;0
3;6435;0
3;6436;0
3;6437;0
3;6438;0
3;6439;0
3;6441;0
3;6442;0
3;6443;0
3;6444;0
3;6445;0
3;6451;0
3;6460;0
3;6463;0
3;6472;0
3;6478;0
3;6493;0
3;6501;0
3;6502;0
3;6506;0
3;6540;0
3;6545;0
3;6551;0
3;6552;0
3;6562;0
3;6571;0
3;6573;0
3;6582;0
3;6583;0
3;6584;0
3;6585;0
3;6586;0
3;6593;0
3;6594;0
3;6596;0
3;6623;0
3;6624;0
3;6625;0
3;6626;0
3;6627;0
3;6628;0
3;6629;0
3;6632;0
3;6633;0
3;6634;0
3;6635;0
3;6636;0
3;6637;0
3;6638;0
3;6643;0
3;6645;0
3;6652;0
3;6656;0
3;6657;0
3;6658;0
3;6659;0
3;6660;0
3;6661;0
3;6662;0
3;6663;0
3;6664;0
3;6665;0
3;6666;0
3;6667;0
3;6668;0
3;6669;0
3;6670;0
3;6671;0
3;6672;0
3;6673;0
3;6674;0
3;6675;0
3;6676;0
3;6677;0
3;6678;0
3;6679;0
3;6680;0
3;6681;0
3;6682;0
3;6683;0
3;6685;0
3;6686;0
3;6687;0
3;6688;0
3;6689;0
3;6690;0
3;6691;0
3;6692;0
3;6693;0
3;6694;0
3;6696;0
3;6697;0
3;6698;0
3;6699;0
3;6701;0
3;6702;0
3;6703;0
3;6704;0
3;6705;0
3;6706;0
3;6707;0
3;6708;0
3;6716;0
3;6724;0
3;6725;0
3;6726;0
3;6727;0
3;6728;0
3;6729;0
3;6730;0
3;6731;0
3;6732;0
3;6733;0
3;6734;0
3;6735;0
3;6736;0
3;6737;0
3;6738;0
3;6739;0
3;6740;0
3;6748;0
3;6749;0
3;6750;0
3;6751;0
3;6752;0
3;6753;0
3;6754;0
3;6755;0
3;6756;0
3;6757;0
3;6758;0
3;6761;0
3;6782;0
3;6792;0
3;6815;0
3;6818;0
3;6823;0
3;6825;0
3;6826;0
3;6827;0
3;6843;0
3;6844;0
3;6845;0
3;6846;0
3;6847;0
3;6848;0
3;6849;0
3;6850;0
3;6851;0
3;6852;0
3;6853;0
3;6854;0
3;6855;0
3;6856;0
3;6857;0
3;6858;0
3;6859;0
3;6860;0
3;6861;0
3;6862;0
3;6863;0
3;6864;0
3;6865;0
3;6866;0
3;6867;0
3;6868;0
3;6869;0
3;6870;0
3;6871;0
3;6872;0
3;6873;0
3;6874;0
3;6875;0
3;6876;0
3;6877;0
3;6878;0
3;6879;0
3;6880;0
3;6882;0
3;6884;0
3;6885;0
3;6886;0
3;6887;0
3;6888;0
3;6907;0
3;6918;0
3;6920;0
3;6932;0
3;6934;0
3;6944;0
3;6945;0
3;6946;0
3;6950;0
3;6951;0
3;6952;0
3;6953;0
3;6954;0
3;6955;0
3;6956;0
3;6970;0
3;6971;0
3;6972;0
3;6973;0
3;6974;0
3;6976;0
3;6977;0
3;6995;0
3;7000;0
3;7003;0
3;7007;0
3;7009;0
3;7036;0
3;7038;0
3;7073;0
3;7084;0
3;7085;0
3;7089;0
3;7108;0
3;7110;0
3;7121;0
3;7125;0
3;7126;0
3;7128;0
3;7129;0
3;7130;0
3;7131;0
3;7132;0
3;7133;0
3;7134;0
3;7137;0
3;7138;0
3;7150;0
3;7176;0
3;7178;0
3;7179;0
3;7181;0
3;7182;0
3;7183;0
3;7185;0
3;7187;0
3;7190;0
3;7191;0
3;7194;0
3;7195;0
3;7196;0
3;7197;0
3;7198;0
3;7211;0
3;7220;0
3;7221;0
3;7222;0
3;7223;0
3;7224;0
3;7225;0
3;7226;0
3;7227;0
3;7229;0
3;7230;0
3;7233;0
3;7235;0
3;7236;0
3;7238;0
3;7239;0
3;7240;0
3;7241;0
3;7246;0
3;7247;0
3;7248;0
3;7250;0
3;7251;0
3;7252;0
3;7257;0
3;7258;0
3;7259;0
3;7265;0
3;7266;0
3;7267;0
3;7268;0
3;7269;0
3;7270;0
3;7271;0
3;7272;0
3;7274;0
3;7279;0
3;7282;0
3;7283;0
3;7286;0
3;7287;0
3;7291;0
3;7293;0
3;7297;0
3;7302;0
3;7305;0
3;7306;0
3;7307;0
3;7308;0
3;7310;0
3;7311;0
3;7312;0
3;7313;0
3;7314;0
3;7315;0
3;7317;0
3;7318;0
3;7319;0
3;7320;0
3;7321;0
3;7337;0
3;7338;0
3;7340;0
3;7341;0
3;7343;0
3;7344;0
3;7345;0
3;7346;0
3;7347;0
3;7348;0
3;7349;0
3;7350;0
3;7352;0
3;7353;0
3;7354;0
3;7355;0
3;7356;0
3;7357;0
3;7358;0
3;7359;0
3;7360;0
3;7361;0
3;7362;0
3;7363;0
3;7364;0
3;7365;0
3;7366;0
3;7371;0
3;7372;0
3;7374;0
3;7375;0
3;7376;0
3;7377;0
3;7378;0
3;7379;0
3;7380;0
3;7381;0
3;7382;0
3;7383;0
3;7384;0
3;7385;0
3;7386;0
3;7387;0
3;7389;0
3;7390;0
3;7392;0
3;7393;0
3;7394;0
3;7395;0
3;7398;0
3;7399;0
3;7400;0
3;7401;0
3;7402;0
3;7403;0
3;7404;0
3;7405;0
3;7406;0
3;7407;0
3;7408;0
3;7409;0
3;7410;0
3;7411;0
3;7412;0
3;7413;0
3;7414;0
3;7415;0
3;7416;0
3;7417;0
3;7418;0
3;7419;0
3;7420;0
3;7421;0
3;7422;0
3;7426;0
3;7427;0
3;7429;0
3;7455;0
3;7456;0
3;7457;0
3;7458;0
3;7459;0
3;7460;0
3;7461;0
3;7462;0
3;7463;0
3;7464;0
3;7465;0
3;7466;0
3;7467;0
3;7494;0
3;7511;0
3;7512;0
3;7528;0
3;7529;0
3;7535;0
3;7540;0
3;7545;0
3;7550;0
3;7561;0
3;7593;0
3;7595;0
3;7597;0
3;7598;0
3;7599;0
3;7607;0
3;7611;0
3;7613;0
3;7614;0
3;7618;0
3;7632;0
3;7639;0
3;7646;0
3;7668;0
3;7669;0
3;7670;0
3;7671;0
3;7672;0
3;7673;0
3;7674;0
3;7675;0
3;7676;0
3;7677;0
3;7678;0
3;7679;0
3;7680;0
3;7681;0
3;7683;0
3;7684;0
3;7685;0
3;7686;0
3;7687;0
3;7688;0
3;7689;0
3;7691;0
3;7692;0
3;7693;0
3;7694;0
3;7695;0
3;7697;0
3;7698;0
3;7703;0
3;7706;0
3;7708;0
3;7722;0
3;7729;0
3;7761;0
3;7762;0
3;7763;0
3;7764;0
3;7765;0
3;7766;0
3;7767;0
3;7768;0
3;7769;0
3;7770;0
3;7771;0
3;7772;0
3;7773;0
3;7774;0
3;7775;0
3;7776;0
3;7777;0
3;7778;0
3;7779;0
3;7785;0
3;7788;0
3;7789;0
3;7797;0
3;7798;0
3;7807;0
3;7809;0
3;7816;0
3;7818;0
3;7822;0
3;7825;0
3;7835;0
3;7836;0
3;7837;0
3;7846;0
3;7852;0
3;7855;0
3;7860;0
3;7861;0
3;7862;0
3;7863;0
3;7864;0
3;7866;0
3;7868;0
3;7871;0
3;7873;0
3;7876;0
3;7878;0
3;7882;0
3;7883;0
3;7884;0
3;7888;0
3;7889;0
3;7894;0
3;7895;0
3;7896;0
3;7897;0
3;7898;0
3;7899;0
3;7900;0
3;7901;0
3;7902;0
3;7903;0
3;7904;0
3;7905;0
3;7906;0
3;7907;0
3;7908;0
3;7909;0
3;7910;0
3;7911;0
3;7912;0
3;7913;0
3;7914;0
3;7915;0
3;7916;0
3;7917;0
3;7918;0
3;7919;0
3;7920;0
3;7921;0
3;7922;0
3;7926;0
3;7927;0
3;7928;0
3;7929;0
3;7930;0
3;7931;0
3;7932;0
3;7933;0
3;7937;0
3;7946;0
3;7947;0
3;7948;0
3;7949;0
3;7950;0
3;7951;0
3;7952;0
3;7953;0
3;7954;0
3;7955;0
3;7956;0
3;7957;0
3;7958;0
3;7959;0
3;7960;0
3;7979;0
3;7980;0
3;7981;0
3;7982;0
3;7983;0
3;7984;0
3;7986;0
3;7989;0
3;7991;0
3;8004;0
3;8023;0
3;8024;0
3;8026;0
3;8034;0
3;8038;0
3;8041;0
3;8043;0
3;8046;0
3;8047;0
3;8050;0
3;8051;0
3;8053;0
3;8059;0
3;8060;0
3;8062;0
3;8078;0
3;8080;0
3;8081;0
3;8084;0
3;8085;0
3;8089;0
3;8090;0
3;8091;0
3;8092;0
3;8093;0
3;8094;0
3;8095;0
3;8096;0
3;8097;0
3;8098;0
3;8099;0
3;8100;0
3;8101;0
3;8102;0
3;8103;0
3;8104;0
3;8105;0
3;8106;0
3;8107;0
3;8108;0
3;8109;0
3;8111;0
3;8112;0
3;8113;0
3;8114;0
3;8115;0
3;8116;400
3;8117;0
3;8118;0
3;8119;0
3;8120;0
3;8121;0
3;8122;0
3;8123;0
3;8124;0
3;8125;0
3;8126;0
3;8143;0
3;8144;0
3;8145;0
3;8146;0
3;8148;0
3;8168;0
3;8181;0
3;8202;0
3;8205;0
3;8238;0
3;8239;0
3;8240;0
3;8241;0
3;8242;0
3;8244;0
3;8245;0
3;8246;0
3;8247;0
3;8248;0
3;8249;0
3;8251;0
3;8252;0
3;8253;0
3;8254;0
3;8255;0
3;8256;0
3;8257;0
3;8258;0
3;8259;0
3;8260;0
3;8261;0
3;8262;0
3;8263;0
3;8264;0
3;8266;0
3;8267;0
3;8268;0
3;8269;0
3;8273;0
3;8274;0
3;8286;0
3;8287;0
3;8288;0
3;8289;0
3;8290;0
3;8291;0
3;8292;0
3;8293;0
3;8294;0
3;8295;0
3;8296;0
3;8297;0
3;8298;0
3;8299;0
3;8300;0
3;8301;0
3;8302;0
3;8303;0
3;8305;0
3;8310;6
3;8311;0
3;8312;0
3;8313;0
3;8314;0
3;8315;0
3;8316;0
3;8317;0
3;8318;0
3;8326;0
3;8327;0
3;8328;0
3;8329;0
3;8330;0
3;8331;0
3;8340;0
3;8341;0
3;8342;0
3;8343;0
3;8344;0
3;8345;0
3;8346;0
3;8347;0
3;8349;0
3;8362;0
3;8375;0
3;8376;0
3;8378;0
3;8379;0
3;8380;0
3;8381;0
3;8382;0
3;8383;0
3;8384;0
3;8385;0
3;8386;0
3;8387;0
3;8390;0
3;8391;0
3;8392;0
3;8393;0
3;8394;0
3;8395;0
3;8396;0
3;8397;0
3;8398;0
3;8400;0
3;8402;0
3;8403;0
3;8405;0
3;8408;0
3;8409;0
3;8410;0
3;8411;0
3;8412;0
3;8413;0
3;8414;0
3;8415;0
3;8416;0
3;8417;0
3;8418;0
3;8427;0
3;8434;0
3;8440;0
3;8441;0
3;8448;0
3;8452;0
3;8453;0
3;8458;0
3;8459;0
3;8460;0
3;8461;0
3;8462;0
3;8463;0
3;8465;0
3;8466;0
3;8468;0
3;8469;0
3;8470;0
3;8471;0
3;8478;0
3;8480;0
3;8483;0
3;8488;0
3;8490;0
3;8492;0
3;8494;0
3;8495;0
3;8500;0
3;8508;0
3;8517;0
3;8523;0
3;8539;0
3;8540;0
3;8541;0
3;8542;0
3;8543;0
3;8544;0
3;8545;0
3;8546;0
3;8563;0
3;8564;0
3;8565;0
3;8566;0
3;8567;0
3;8568;0
3;8569;0
3;8570;0
3;8571;0
3;8573;0
3;8586;0
3;8587;0
3;8588;0
3;8598;0
3;8605;0
3;8613;0
3;8614;0
3;8615;0
3;8616;0
3;8617;0
3;8618;0
3;8619;0
3;8620;0
3;8621;0
3;8625;0
3;8626;0
3;8627;0
3;8628;0
3;8629;0
3;8630;0
3;8631;0
3;8632;0
3;8633;0
3;8634;0
3;8635;0
3;8636;0
3;8637;0
3;8638;0
3;8639;0
3;8640;0
3;8641;0
3;8642;0
3;8643;0
3;8644;0
3;8645;0
3;8646;0
3;8647;0
3;8648;0
3;8649;0
3;8652;0
3;8653;0
3;8654;0
3;8659;0
3;8665;0
3;8666;0
3;8667;0
3;8668;0
3;8670;0
3;8676;0
3;8679;0
3;8680;0
3;8681;0
3;8683;0
3;8686;0
3;8687;0
3;8688;0
3;8689;0
3;8690;0
3;8691;0
3;8712;0
3;8713;0
3;8716;0
3;8723;0
3;8726;0
3;8729;0
3;8731;0
3;8733;0
3;8734;0
3;8742;0
3;8749;0
3;8750;0
3;8751;0
3;8752;0
3;8753;0
3;8755;0
3;8756;0
3;8757;0
3;8770;0
3;8771;0
3;8772;0
3;8773;0
3;8774;0
3;8775;0
3;8778;0
3;8779;0
3;8780;0
3;8790;0
3;8791;0
3;8792;0
3;8793;0
3;8794;0
3;8795;0
3;8796;0
3;8797;0
3;8798;0
3;8799;0
3;8800;0
3;8801;0
3;8803;0
3;8804;0
3;8805;0
3;8806;0
3;8807;0
3;8808;0
3;8810;0
3;8813;0
3;8814;0
3;8815;0
3;8816;0
3;8817;0
3;8818;0
3;8819;0
3;8820;0
3;8821;0
3;8822;0
3;8824;0
3;8825;0
3;8826;0
3;8827;0
3;8828;0
3;8829;0
3;8830;0
3;8839;0
3;8841;0
3;8849;0
3;8850;0
3;8851;0
3;8852;0
3;8853;0
3;8857;0
3;8869;0
3;8883;0
3;8884;0
3;8885;0
3;8886;0
3;8887;0
3;8888;0
3;8889;0
3;8890;0
3;8891;0
3;8892;0
3;8893;0
3;8894;0
3;8895;0
3;8896;0
3;8909;0
3;8913;0
3;8922;0
3;8923;0
3;8924;0
3;8925;0
3;8929;0
3;8930;0
3;8931;0
3;8932;0
3;8933;0
3;8934;0
3;8935;0
3;8936;0
3;8937;0
3;8938;0
3;8939;0
3;8940;0
3;8941;0
3;8943;0
3;8963;0
3;8964;0
3;8965;0
3;8966;0
3;8967;0
3;8968;0
3;8969;0
3;8980;0
3;8982;0
3;8983;0
3;8985;0
3;8987;0
3;8988;0
3;8992;0
3;9031;0
3;9033;0
3;9053;0
3;9056;0
3;9058;0
3;9059;0
3;9060;0
3;9061;0
3;9064;0
3;9065;0
3;9066;0
3;9067;0
3;9071;0
3;9073;0
3;9074;0
3;9075;0
3;9077;0
3;9078;0
3;9079;0
3;9080;0
3;9081;0
3;9082;0
3;9083;0
3;9084;0
3;9086;0
3;9099;0
3;9100;0
3;9118;0
3;9122;0
3;9123;0
3;9124;0
3;9125;0
3;9127;0
3;9128;0
3;9129;0
3;9130;0
3;9132;0
3;9133;0
3;9134;0
3;9135;0
3;9136;0
3;9137;0
3;9141;396
3;9142;0
3;9143;0
3;9144;0
3;9145;0
3;9146;0
3;9147;0
3;9149;0
3;9151;0
3;9152;0
3;9153;0
3;9155;0
3;9156;0
3;9158;0
3;9159;0
3;9160;0
3;9161;0
3;9164;0
3;9166;0
3;9167;0
3;9168;0
3;9169;0
3;9171;0
3;9172;0
3;9173;0
3;9175;0
3;9176;0
3;9177;0
3;9178;0
3;9180;0
3;9181;0
3;9182;0
3;9183;0
3;9184;0
3;9186;0
3;9190;0
3;9191;0
3;9192;0
3;9193;0
3;9194;0
3;9195;0
3;9196;0
3;9197;0
3;9201;0
3;9203;0
3;9204;0
3;9211;0
3;9212;0
3;9214;0
3;9250;0
3;9252;0
3;9253;0
3;9254;0
3;9256;0
3;9257;0
3;9263;0
3;9266;0
3;9267;0
3;9268;0
3;9269;0
3;9271;0
3;9273;0
3;9274;0
3;9276;0
3;9278;0
3;9279;0
3;9280;0
4;183;0
4;203;0
4;236;0
4;308;0
4;319;0
4;347;0
4;357;0
4;359;0
4;387;0
4;445;0
4;448;0
4;629;0
4;925;0
4;1245;0
4;1626;0
4;1639;0
4;1654;0
4;1734;0
4;1774;0
4;1779;0
4;1894;0
4;2041;0
4;2153;0
4;2229;0
4;2238;0
4;2241;0
4;2250;0
4;2251;0
4;2265;0
4;2394;0
4;2573;0
4;2574;0
4;2575;0
4;2587;0
4;2598;0
4;2857;0
4;2867;0
4;2893;0
4;2973;0
4;3037;0
4;3257;0
4;3266;0
4;3268;0
4;3288;0
4;3368;0
4;3732;0
4;3859;0
4;4027;0
4;4116;0
4;4380;0
4;4514;0
4;4662;0
4;4693;0
4;5018;0
4;5019;0
4;5048;0
4;5050;0
4;5066;0
4;5111;0
4;5142;0
4;5172;0
4;5250;0
4;5252;0
4;5258;0
4;5262;0
4;5268;0
4;5271;0
4;5298;0
4;5300;0
4;5303;0
4;5306;0
4;5310;0
4;5348;0
4;5368;0
4;5379;0
4;5380;0
4;5390;0
4;5404;0
4;5407;0
4;5437;0
4;5440;0
4;5468;0
4;5475;0
4;5482;0
4;5490;0
4;5491;0
4;5521;0
4;5532;0
4;5533;0
4;5541;0
4;5542;0
4;5543;0
4;5544;0
4;5545;0
4;5546;0
4;5547;0
4;5548;0
4;5549;0
4;5550;0
4;5551;0
4;5552;0
4;5553;0
4;5554;0
4;5564;0
4;5565;0
4;5566;0
4;5585;0
4;5588;0
4;5589;0
4;5607;0
4;5609;0
4;5627;0
4;5629;0
4;5635;0
4;5636;0
4;5643;0
4;5648;0
4;5649;0
4;5650;0
4;5651;0
4;5652;0
4;5653;0
4;5654;0
4;5655;0
4;5656;0
4;5657;0
4;5658;0
4;5659;0
4;5660;0
4;5702;0
4;5703;0
4;5704;0
4;5705;0
4;5706;0
4;5707;0
4;5708;0
4;5709;0
4;5710;0
4;5711;0
4;5712;0
4;5713;0
4;5714;0
4;5715;0
4;5716;0
4;5717;0
4;5718;0
4;5719;0
4;5720;0
4;5722;0
4;5742;0
4;5743;0
4;5744;0
4;5745;0
4;5746;0
4;5747;0
4;5748;0
4;5749;0
4;5750;0
4;5751;0
4;5752;0
4;5753;0
4;5754;0
4;5755;0
4;5756;0
4;5757;0
4;5758;0
4;5759;0
4;5760;0
4;5761;0
4;5762;0
4;5763;0
4;5764;0
4;5765;0
4;5766;0
4;5768;0
4;5770;0
4;5771;0
4;5772;0
4;5773;0
4;5776;0
4;5777;0
4;5778;0
4;5779;0
4;5780;0
4;5781;0
4;5782;0
4;5783;0
4;5784;0
4;5785;0
4;5786;0
4;5788;0
4;5789;0
4;5790;0
4;5791;0
4;5792;0
4;5793;0
4;5794;0
4;5798;0
4;5799;0
4;5800;0
4;5801;0
4;5802;0
4;5803;0
4;5805;0
4;5806;0
4;5807;0
4;5808;0
4;5809;0
4;5810;0
4;5811;0
4;5812;0
4;5813;0
4;5814;0
4;5816;0
4;5817;0
4;5818;0
4;5831;0
4;5834;0
4;5837;0
4;5838;0
4;5839;0
4;5840;0
4;5841;0
4;5842;0
4;5843;0
4;5846;0
4;5847;0
4;5848;0
4;5849;0
4;5850;0
4;5851;0
4;5852;0
4;5854;0
4;5857;0
4;5858;0
4;5861;0
4;5862;0
4;5863;0
4;5864;0
4;5865;0
4;5866;0
4;5867;0
4;5881;0
4;5882;0
4;5892;0
4;5894;0
4;5895;0
4;5896;0
4;5897;0
4;5899;0
4;5900;0
4;5901;0
4;5902;0
4;5904;0
4;5905;0
4;5906;0
4;5907;0
4;5908;0
4;5909;0
4;5910;0
4;5911;0
4;5912;0
4;5913;0
4;5914;0
4;5915;0
4;5916;0
4;5917;0
4;5919;0
4;5920;0
4;5921;0
4;5922;0
4;5923;0
4;5924;0
4;5925;0
4;5926;0
4;5927;0
4;5928;0
4;5929;0
4;5930;0
4;5931;0
4;5932;0
4;5933;0
4;5934;0
4;5935;0
4;5936;0
4;5937;0
4;5938;0
4;5939;0
4;5940;0
4;5941;0
4;5942;0
4;5943;0
4;5944;0
4;5945;0
4;5946;0
4;5947;0
4;5948;0
4;5949;0
4;5950;0
4;5951;0
4;5952;0
4;5953;0
4;5954;0
4;5958;0
4;5959;0
4;5960;0
4;5961;0
4;5962;0
4;5977;0
4;5978;0
4;5979;0
4;5980;0
4;5981;0
4;5982;0
4;5983;0
4;5984;0
4;5985;0
4;5986;0
4;5987;0
4;5992;0
4;5993;0
4;5994;0
4;5995;0
4;5996;0
4;5997;0
4;5999;0
4;6000;0
4;6001;0
4;6002;0
4;6004;0
4;6005;0
4;6006;0
4;6007;0
4;6008;0
4;6009;0
4;6010;0
4;6011;0
4;6019;0
4;6020;0
4;6021;0
4;6044;0
4;6045;0
4;6046;0
4;6047;0
4;6048;0
4;6049;0
4;6051;0
4;6052;0
4;6053;0
4;6054;0
4;6055;0
4;6067;0
4;6091;0
4;6092;0
4;6093;0
4;6094;0
4;6095;0
4;6096;0
4;6097;0
4;6098;0
4;6099;0
4;6100;0
4;6101;0
4;6102;0
4;6103;0
4;6104;0
4;6105;0
4;6106;0
4;6107;0
4;6108;0
4;6110;0
4;6112;0
4;6113;0
4;6154;0
4;6155;0
4;6156;0
4;6157;0
4;6158;0
4;6159;0
4;6160;0
4;6161;0
4;6179;0
4;6180;0
4;6181;0
4;6182;0
4;6183;0
4;6184;0
4;6185;0
4;6186;0
4;6187;0
4;6188;0
4;6189;0
4;6220;0
4;6221;0
4;6226;0
4;6233;0
4;6247;0
4;6248;0
4;6249;0
4;6263;0
4;6264;0
4;6265;0
4;6266;0
4;6267;0
4;6269;0
4;6270;0
4;6271;0
4;6273;0
4;6280;0
4;6281;0
4;6282;0
4;6283;0
4;6284;0
4;6285;0
4;6286;0
4;6287;0
4;6288;0
4;6289;0
4;6291;0
4;6292;0
4;6294;0
4;6295;0
4;6296;0
4;6297;0
4;6298;0
4;6299;0
4;6302;0
4;6303;0
4;6311;0
4;6312;0
4;6313;0
4;6314;0
4;6315;0
4;6317;0
4;6318;0
4;6319;0
4;6320;0
4;6321;0
4;6322;0
4;6353;0
4;6354;0
4;6355;0
4;6356;0
4;6357;0
4;6358;0
4;6359;0
4;6360;0
4;6362;0
4;6363;0
4;6364;0
4;6365;0
4;6366;0
4;6367;0
4;6368;0
4;6369;0
4;6370;0
4;6371;0
4;6372;0
4;6373;0
4;6374;0
4;6375;0
4;6376;0
4;6377;0
4;6378;0
4;6379;0
4;6380;0
4;6381;0
4;6382;0
4;6383;0
4;6384;0
4;6385;0
4;6386;0
4;6387;0
4;6388;0
4;6389;0
4;6390;0
4;6391;0
4;6392;0
4;6393;0
4;6396;0
4;6401;0
4;6403;0
4;6425;0
4;6428;0
4;6430;0
4;6431;0
4;6432;0
4;6434;0
4;6447;0
4;6448;0
4;6449;0
4;6450;0
4;6467;0
4;6480;0
4;6531;0
4;6532;0
4;6533;0
4;6534;0
4;6535;0
4;6536;0
4;6537;0
4;6539;0
4;6540;0
4;6541;0
4;6542;0
4;6544;0
4;6545;0
4;6546;0
4;6547;0
4;6548;0
4;6549;0
4;6550;0
4;6551;0
4;6552;0
4;6553;0
4;6554;0
4;6555;0
4;6556;0
4;6558;0
4;6559;0
4;6560;0
4;6561;0
4;6562;0
4;6563;0
4;6564;0
4;6565;0
4;6566;0
4;6567;0
4;6568;0
4;6569;0
4;6570;0
4;6571;0
4;6572;0
4;6573;0
4;6574;0
4;6575;0
4;6576;0
4;6578;0
4;6579;0
4;6581;0
4;6582;0
4;6583;0
4;6584;0
4;6585;0
4;6586;0
4;6587;0
4;6588;0
4;6589;0
4;6590;0
4;6591;0
4;6592;0
4;6593;0
4;6594;0
4;6595;0
4;6596;0
4;6597;0
4;6598;0
4;6599;0
4;6600;0
4;6601;0
4;6602;0
4;6603;0
4;6604;0
4;6606;0
4;6608;0
4;6609;0
4;6610;0
4;6611;0
4;6612;0
4;6613;0
4;6614;0
4;6615;0
4;6616;0
4;6617;0
4;6618;0
4;6619;0
4;6620;0
4;6621;0
4;6622;0
4;6623;0
4;6630;0
4;6631;0
4;6646;0
4;6647;0
4;6648;0
4;6649;0
4;6650;0
4;6651;0
4;6652;0
4;6653;0
4;6654;0
4;6655;0
4;6659;0
4;6670;0
4;6671;0
4;6674;0
4;6678;0
4;6683;0
4;6691;0
4;6710;0
4;6724;0
4;6726;0
4;6730;0
4;6731;0
4;6732;0
4;6733;0
4;6734;0
4;6735;0
4;6738;0
4;6739;0
4;6740;0
4;6742;0
4;6743;0
4;6747;0
4;6758;0
4;6774;0
4;6803;0
4;6804;0
4;6805;0
4;6806;0
4;6807;0
4;6808;0
4;6809;0
4;6810;0
4;6811;0
4;6812;0
4;6813;0
4;6814;0
4;6815;0
4;6816;0
4;6817;0
4;6822;0
4;6823;0
4;6824;0
4;6825;0
4;6843;0
4;6844;0
4;6845;0
4;6846;0
4;6847;0
4;6848;0
4;6849;0
4;6850;0
4;6851;0
4;6852;0
4;6853;0
4;6854;0
4;6855;0
4;6856;0
4;6857;0
4;6858;0
4;6859;0
4;6860;0
4;6874;0
4;6875;0
4;6876;0
4;6877;0
4;6878;0
4;6879;0
4;6880;0
4;6881;0
4;6882;0
4;6884;0
4;6885;0
4;6886;0
4;6887;0
4;6904;0
4;6907;0
4;6908;0
4;6914;0
4;6915;0
4;6916;0
4;6917;0
4;6918;0
4;6919;0
4;6920;0
4;6921;0
4;6922;0
4;6923;0
4;6924;0
4;6925;0
4;6926;0
4;6927;0
4;6928;0
4;6929;0
4;6930;0
4;6931;0
4;6932;0
4;6934;0
4;6935;0
4;6936;0
4;6937;0
4;6938;0
4;6939;0
4;6940;0
4;6941;0
4;6942;0
4;6943;0
4;6946;0
4;6977;0
4;7005;0
4;7006;0
4;7007;0
4;7008;0
4;7009;0
4;7010;0
4;7011;0
4;7012;0
4;7013;0
4;7014;0
4;7018;0
4;7019;0
4;7020;0
4;7021;0
4;7022;0
4;7023;0
4;7024;0
4;7025;0
4;7026;0
4;7027;0
4;7028;0
4;7029;0
4;7030;0
4;7031;0
4;7032;0
4;7033;0
4;7034;0
4;7035;0
4;7036;0
4;7037;0
4;7038;0
4;7039;0
4;7040;0
4;7041;0
4;7042;0
4;7043;0
4;7044;0
4;7045;0
4;7046;0
4;7047;0
4;7048;0
4;7049;0
4;7050;0
4;7051;0
4;7052;0
4;7053;0
4;7054;0
4;7055;0
4;7056;0
4;7057;0
4;7058;0
4;7059;0
4;7060;0
4;7061;0
4;7062;0
4;7086;0
4;7093;0
4;7094;0
4;7095;0
4;7096;0
4;7097;0
4;7098;0
4;7099;0
4;7100;0
4;7101;0
4;7103;0
4;7104;0
4;7105;0
4;7106;0
4;7107;0
4;7109;0
4;7110;0
4;7118;0
4;7135;0
4;7137;0
4;7176;0
4;7177;0
4;7178;0
4;7179;0
4;7180;0
4;7181;0
4;7182;0
4;7183;0
4;7184;0
4;7185;0
4;7186;0
4;7187;0
4;7188;0
4;7189;0
4;7190;0
4;7191;0
4;7192;0
4;7193;0
4;7194;0
4;7195;0
4;7196;0
4;7197;0
4;7198;0
4;7199;0
4;7200;0
4;7201;0
4;7202;0
4;7203;0
4;7204;0
4;7205;0
4;7206;0
4;7208;0
4;7209;0
4;7210;0
4;7211;0
4;7212;0
4;7213;0
4;7214;0
4;7215;0
4;7216;0
4;7217;0
4;7218;0
4;7219;0
4;7220;0
4;7221;0
4;7222;0
4;7223;0
4;7224;0
4;7225;0
4;7226;0
4;7227;0
4;7228;0
4;7229;0
4;7230;0
4;7231;0
4;7233;0
4;7234;0
4;7235;0
4;7236;0
4;7237;0
4;7238;0
4;7239;0
4;7240;0
4;7241;0
4;7242;0
4;7243;0
4;7244;0
4;7245;0
4;7246;0
4;7247;0
4;7248;0
4;7249;0
4;7250;0
4;7251;0
4;7252;0
4;7254;0
4;7255;0
4;7257;0
4;7258;0
4;7259;0
4;7264;0
4;7274;0
4;7275;0
4;7276;0
4;7277;0
4;7278;0
4;7279;0
4;7280;0
4;7281;0
4;7282;0
4;7283;0
4;7284;0
4;7285;0
4;7287;0
4;7288;0
4;7289;0
4;7290;0
4;7291;0
4;7292;0
4;7294;0
4;7295;0
4;7296;0
4;7297;0
4;7298;0
4;7302;0
4;7305;0
4;7338;0
4;7339;0
4;7340;0
4;7348;0
4;7354;0
4;7361;0
4;7362;0
4;7363;0
4;7364;0
4;7366;0
4;7372;0
4;7373;0
4;7375;0
4;7376;0
4;7378;0
4;7379;0
4;7380;0
4;7383;0
4;7385;0
4;7387;0
4;7388;0
4;7389;0
4;7390;0
4;7392;0
4;7393;0
4;7395;0
4;7396;0
4;7397;0
4;7399;0
4;7400;0
4;7414;0
4;7422;0
4;7423;0
4;7425;0
4;7426;0
4;7427;0
4;7428;0
4;7455;0
4;7456;0
4;7457;0
4;7459;0
4;7461;0
4;7462;0
4;7464;0
4;7465;0
4;7467;0
4;7468;0
4;7469;0
4;7470;0
4;7471;0
4;7472;0
4;7473;0
4;7474;0
4;7475;0
4;7477;0
4;7478;0
4;7479;0
4;7480;0
4;7481;0
4;7482;0
4;7483;0
4;7484;0
4;7485;0
4;7486;0
4;7487;0
4;7488;0
4;7489;0
4;7490;0
4;7491;0
4;7492;0
4;7493;0
4;7494;0
4;7495;0
4;7496;0
4;7497;0
4;7498;0
4;7499;0
4;7500;0
4;7501;0
4;7503;0
4;7504;0
4;7505;0
4;7506;0
4;7507;0
4;7508;0
4;7509;0
4;7510;0
4;7515;0
4;7559;0
4;7606;0
4;7607;0
4;7611;0
4;7612;0
4;7616;0
4;7617;0
4;7622;0
4;7623;0
4;7624;0
4;7625;0
4;7626;0
4;7627;0
4;7671;0
4;7673;0
4;7695;0
4;7696;0
4;7697;0
4;7698;0
4;7699;0
4;7700;0
4;7701;0
4;7702;0
4;7703;0
4;7704;0
4;7705;0
4;7706;0
4;7707;0
4;7708;0
4;7709;0
4;7710;0
4;7711;0
4;7712;0
4;7713;0
4;7714;0
4;7715;0
4;7716;0
4;7717;0
4;7788;0
4;7789;0
4;7806;0
4;7807;0
4;7808;0
4;7809;0
4;7810;0
4;7811;0
4;7812;0
4;7814;0
4;7815;0
4;7816;0
4;7826;0
4;7932;0
4;7934;0
4;7935;0
4;7936;0
4;8063;0
4;8068;0
4;8069;0
4;8076;0
4;8272;0
4;8300;0
4;8303;0
4;8307;0
4;8309;0
4;8332;0
4;8333;0
4;8334;0
4;8381;0
4;8490;0
4;8655;0
4;8656;0
4;8657;0
4;8670;0
4;8671;0
4;8673;0
4;8675;0
4;8677;0
4;8678;0
4;8758;0
4;8759;0
4;8760;0
4;8761;0
4;8762;0
4;8763;0
4;8764;0
4;8765;0
4;8766;0
4;8767;0
4;8768;0
4;8871;0
4;8872;0
4;8873;0
4;8874;0
4;9042;0
4;9044;0
4;9045;0
4;9047;0
4;9049;0
4;9051;0
4;9052;0
5;2229;0
5;5537;0
5;5663;0
5;5664;0
5;5665;0
5;5666;0
5;5667;0
5;5668;0
5;5670;0
5;5671;0
5;5672;0
5;5673;0
5;7430;0
6;67;0
6;68;0
6;70;0
6;100;0
6;284;0
6;286;0
6;288;0
6;312;0
6;315;0
6;324;0
6;330;0
6;331;0
6;346;0
6;351;0
6;387;0
6;393;0
6;399;0
6;402;0
6;432;0
6;445;0
6;459;0
6;461;0
6;464;0
6;465;0
6;471;0
6;481;0
6;486;0
6;509;0
6;533;0
6;570;0
6;578;0
6;587;0
6;590;0
6;597;0
6;607;0
6;613;0
6;636;0
6;661;0
6;755;0
6;786;0
6;886;0
6;906;0
6;919;0
6;941;0
6;1012;0
6;1017;0
6;1026;0
6;1041;0
6;1231;0
6;1242;0
6;1328;0
6;1391;0
6;1406;0
6;1455;0
6;1473;0
6;1495;0
6;1634;0
6;1642;0
6;1651;0
6;1655;0
6;1701;0
6;1705;0
6;1734;0
6;1735;0
6;1736;0
6;1737;0
6;1738;0
6;1759;0
6;1762;0
6;1774;0
6;1892;0
6;1903;0
6;1914;0
6;2229;0
6;2251;0
6;2260;0
6;2261;0
6;2272;0
6;2282;0
6;2314;0
6;2318;0
6;2374;0
6;2376;0
6;2381;0
6;2483;0
6;2532;0
6;2534;0
6;2536;0
6;2540;0
6;2541;0
6;2619;0
6;2638;0
6;2739;0
6;2754;0
6;2845;0
6;2895;0
6;2897;0
6;3010;0
6;3012;0
6;3026;0
6;3031;0
6;3048;0
6;3215;0
6;3235;0
6;3238;0
6;3239;0
6;3257;0
6;3260;0
6;3295;0
6;3308;0
6;3328;0
6;3338;0
6;3365;0
6;3366;0
6;3368;0
6;3424;0
6;3480;0
6;3509;0
6;3529;0
6;3547;0
6;3549;0
6;3550;0
6;3565;0
6;3656;0
6;3675;0
6;3696;0
6;3703;0
6;3732;0
6;3746;0
6;3765;0
6;3774;0
6;3777;0
6;3787;0
6;3808;0
6;3841;0
6;3845;0
6;3851;0
6;3881;0
6;3882;0
6;3883;0
6;3884;0
6;3885;0
6;3887;0
6;3889;0
6;3914;0
6;3925;0
6;3932;0
6;3940;0
6;3945;0
6;3956;0
6;3957;0
6;3959;0
6;3960;0
6;3964;0
6;4034;0
6;4101;0
6;4102;0
6;4107;0
6;4157;0
6;4172;0
6;4296;0
6;4297;0
6;4374;0
6;4421;0
6;4425;0
6;4580;0
6;4616;0
6;4619;0
6;4652;0
6;4706;0
6;4718;0
6;4788;0
6;4801;0
6;4802;0
6;4804;0
6;4806;0
6;4807;0
6;4808;0
6;4809;0
6;4843;0
6;4883;0
6;4891;0
6;4896;0
6;4897;0
6;4916;0
6;5014;0
6;5057;0
6;5074;0
6;5114;0
6;5120;0
6;5126;0
6;5135;0
6;5152;0
6;5405;0
6;5427;0
6;5429;0
6;5475;0
6;5501;0
6;5522;0
6;5523;0
6;5530;0
6;5534;0
6;5535;0
6;5543;0
6;5544;0
6;5545;0
6;5551;0
6;5556;0
6;5557;0
6;5558;0
6;5559;0
6;5560;0
6;5561;0
6;5562;0
6;5563;0
6;5580;0
6;5581;0
6;5662;0
6;5674;0
6;5675;0
6;5676;0
6;5677;0
6;5678;0
6;5679;0
6;5680;0
6;5681;0
6;5682;0
6;5683;0
6;5684;0
6;5685;0
6;5686;0
6;5687;0
6;5688;0
6;5689;0
6;5690;0
6;5691;0
6;5692;0
6;5693;0
6;5694;0
6;5695;0
6;5696;0
6;5697;0
6;5698;0
6;5699;0
6;5700;0
6;5701;0
6;5722;0
6;5802;0
6;5805;0
6;5814;0
6;5819;0
6;5820;0
6;5821;0
6;5822;0
6;5823;0
6;5824;0
6;5831;0
6;5832;0
6;5833;0
6;5834;0
6;5835;0
6;5836;0
6;5843;0
6;5847;0
6;5884;0
6;5885;0
6;5887;0
6;5899;0
6;5961;0
6;5962;0
6;5963;0
6;5964;0
6;5965;0
6;5966;0
6;5967;0
6;5968;0
6;5969;0
6;5970;0
6;5971;0
6;5972;0
6;5973;0
6;5974;0
6;5975;0
6;5976;0
6;5988;0
6;5989;0
6;5990;0
6;5991;0
6;6012;0
6;6013;0
6;6014;0
6;6015;0
6;6016;0
6;6017;0
6;6018;0
6;6022;0
6;6023;0
6;6024;0
6;6025;0
6;6026;0
6;6027;0
6;6028;0
6;6029;0
6;6030;0
6;6031;0
6;6032;0
6;6033;0
6;6034;0
6;6035;0
6;6036;0
6;6037;0
6;6038;0
6;6039;0
6;6040;0
6;6041;0
6;6042;0
6;6043;0
6;6046;0
6;6056;0
6;6057;0
6;6058;0
6;6060;0
6;6061;0
6;6062;0
6;6070;0
6;6075;0
6;6076;0
6;6077;0
6;6078;0
6;6079;0
6;6087;0
6;6103;0
6;6109;0
6;6162;0
6;6163;0
6;6165;0
6;6166;0
6;6167;0
6;6168;0
6;6169;0
6;6170;0
6;6171;0
6;6172;0
6;6173;0
6;6174;0
6;6175;0
6;6176;0
6;6177;0
6;6178;0
6;6199;0
6;6200;0
6;6201;0
6;6202;0
6;6203;0
6;6226;0
6;6229;0
6;6230;0
6;6231;0
6;6232;0
6;6233;0
6;6234;0
6;6235;0
6;6236;0
6;6237;0
6;6238;0
6;6239;0
6;6240;0
6;6241;0
6;6242;0
6;6243;0
6;6244;0
6;6245;0
6;6246;0
6;6254;0
6;6255;0
6;6256;0
6;6257;0
6;6258;0
6;6259;0
6;6260;0
6;6261;0
6;6262;0
6;6275;0
6;6294;0
6;6306;0
6;6320;0
6;6324;0
6;6325;0
6;6326;0
6;6327;0
6;6328;0
6;6329;0
6;6330;0
6;6331;0
6;6332;0
6;6333;0
6;6334;0
6;6335;0
6;6336;0
6;6337;0
6;6353;0
6;6354;0
6;6355;0
6;6357;0
6;6358;0
6;6362;0
6;6365;0
6;6367;0
6;6368;0
6;6372;0
6;6373;0
6;6375;0
6;6378;0
6;6386;0
6;6446;0
6;6448;0
6;6452;0
6;6453;0
6;6454;0
6;6455;0
6;6456;0
6;6457;0
6;6458;0
6;6459;0
6;6460;0
6;6461;0
6;6462;0
6;6464;0
6;6465;0
6;6466;0
6;6467;0
6;6468;0
6;6469;0
6;6473;0
6;6474;0
6;6475;0
6;6476;0
6;6477;0
6;6478;0
6;6479;0
6;6480;0
6;6481;0
6;6482;0
6;6485;0
6;6486;0
6;6487;0
6;6488;0
6;6491;0
6;6492;0
6;6494;0
6;6495;0
6;6498;0
6;6499;0
6;6500;0
6;6501;0
6;6502;0
6;6503;0
6;6504;0
6;6505;0
6;6506;0
6;6507;0
6;6508;0
6;6509;0
6;6511;0
6;6513;0
6;6514;0
6;6516;0
6;6517;0
6;6518;0
6;6519;0
6;6521;0
6;6522;0
6;6523;0
6;6524;0
6;6525;0
6;6526;0
6;6527;0
6;6528;0
6;6529;0
6;6530;0
6;6637;0
6;6640;0
6;6641;0
6;6642;0
6;6643;0
6;6644;0
6;6649;0
6;6664;0
6;6667;0
6;6686;0
6;6687;0
6;6693;0
6;6697;0
6;6700;0
6;6705;0
6;6706;0
6;6707;0
6;6709;0
6;6710;0
6;6711;0
6;6712;0
6;6713;0
6;6714;0
6;6715;0
6;6716;0
6;6717;0
6;6718;0
6;6719;0
6;6720;0
6;6721;0
6;6722;0
6;6723;0
6;6725;0
6;6752;0
6;6758;0
6;6759;0
6;6760;0
6;6761;0
6;6762;0
6;6763;0
6;6764;0
6;6765;0
6;6766;0
6;6767;0
6;6768;0
6;6769;0
6;6770;0
6;6772;0
6;6773;0
6;6774;0
6;6775;0
6;6777;0
6;6778;0
6;6779;0
6;6780;0
6;6781;0
6;6782;0
6;6783;0
6;6784;0
6;6785;0
6;6786;0
6;6787;0
6;6788;0
6;6789;0
6;6790;0
6;6791;0
6;6792;0
6;6793;0
6;6794;0
6;6795;0
6;6796;0
6;6797;0
6;6798;0
6;6799;0
6;6800;0
6;6801;0
6;6802;0
6;6809;0
6;6815;0
6;6830;0
6;6831;0
6;6832;0
6;6833;0
6;6834;0
6;6835;0
6;6836;0
6;6837;0
6;6838;0
6;6839;0
6;6840;0
6;6841;0
6;6842;0
6;6843;0
6;6844;0
6;6849;0
6;6865;0
6;6889;0
6;6890;0
6;6891;0
6;6893;0
6;6894;0
6;6896;0
6;6897;0
6;6898;0
6;6899;0
6;6900;0
6;6921;0
6;6945;0
6;6947;0
6;6948;0
6;6949;0
6;6957;0
6;6958;0
6;6959;0
6;6960;0
6;6961;0
6;6962;0
6;6963;0
6;6964;0
6;6965;0
6;6966;0
6;6967;0
6;6968;0
6;6969;0
6;6974;0
6;6975;0
6;6976;0
6;6977;0
6;6984;0
6;6994;0
6;7015;0
6;7016;0
6;7017;0
6;7018;0
6;7020;0
6;7021;0
6;7022;0
6;7023;0
6;7034;0
6;7036;0
6;7038;0
6;7063;0
6;7064;0
6;7065;0
6;7066;0
6;7067;0
6;7068;0
6;7069;0
6;7070;0
6;7071;0
6;7072;0
6;7073;0
6;7074;0
6;7075;0
6;7076;0
6;7077;0
6;7078;0
6;7079;0
6;7092;0
6;7111;0
6;7112;0
6;7113;0
6;7114;0
6;7115;0
6;7116;0
6;7117;0
6;7122;0
6;7123;0
6;7124;0
6;7136;0
6;7138;0
6;7139;0
6;7140;0
6;7141;0
6;7142;0
6;7143;0
6;7144;0
6;7145;0
6;7146;0
6;7147;0
6;7148;0
6;7149;0
6;7150;0
6;7151;0
6;7152;0
6;7153;0
6;7154;0
6;7155;0
6;7156;0
6;7157;0
6;7158;0
6;7159;0
6;7160;0
6;7161;0
6;7162;0
6;7163;0
6;7164;0
6;7165;0
6;7166;0
6;7167;0
6;7168;0
6;7169;0
6;7170;0
6;7171;0
6;7172;0
6;7173;0
6;7174;0
6;7175;0
6;7230;0
6;7261;0
6;7262;0
6;7264;0
6;7273;0
6;7277;0
6;7297;0
6;7306;0
6;7314;0
6;7317;0
6;7318;0
6;7319;0
6;7321;0
6;7322;0
6;7323;0
6;7324;0
6;7325;0
6;7326;0
6;7327;0
6;7328;0
6;7329;0
6;7330;0
6;7331;0
6;7332;0
6;7333;0
6;7334;0
6;7335;0
6;7337;0
6;7386;0
6;7441;0
6;7442;0
6;7443;0
6;7444;0
6;7445;0
6;7446;0
6;7447;0
6;7448;0
6;7449;0
6;7450;0
6;7451;0
6;7452;0
6;7453;0
6;7454;0
6;7506;0
6;7512;0
6;7513;0
6;7514;0
6;7515;0
6;7516;0
6;7517;0
6;7518;0
6;7519;0
6;7520;0
6;7521;0
6;7522;0
6;7523;0
6;7524;0
6;7525;0
6;7526;0
6;7527;0
6;7528;0
6;7529;0
6;7530;0
6;7531;0
6;7533;0
6;7534;0
6;7535;0
6;7536;0
6;7538;0
6;7539;0
6;7540;0
6;7541;0
6;7542;0
6;7543;0
6;7544;0
6;7545;0
6;7546;0
6;7548;0
6;7549;0
6;7550;0
6;7553;0
6;7554;0
6;7555;0
6;7556;0
6;7557;0
6;7558;0
6;7560;0
6;7561;0
6;7562;0
6;7563;0
6;7564;0
6;7565;0
6;7566;0
6;7567;0
6;7568;0
6;7570;0
6;7573;0
6;7574;0
6;7575;0
6;7576;0
6;7577;0
6;7578;0
6;7579;0
6;7580;0
6;7581;0
6;7582;0
6;7583;0
6;7584;0
6;7585;0
6;7586;0
6;7587;0
6;7588;0
6;7589;0
6;7590;0
6;7592;0
6;7593;0
6;7594;0
6;7595;0
6;7596;0
6;7597;0
6;7598;0
6;7599;0
6;7600;0
6;7601;0
6;7602;0
6;7603;0
6;7619;0
6;7620;0
6;7621;0
6;7623;0
6;7640;0
6;7642;0
6;7643;0
6;7644;0
6;7645;0
6;7646;0
6;7647;0
6;7648;0
6;7649;0
6;7650;0
6;7651;0
6;7652;0
6;7653;0
6;7655;0
6;7656;0
6;7657;0
6;7658;0
6;7659;0
6;7660;0
6;7661;0
6;7662;0
6;7663;0
6;7664;0
6;7665;0
6;7666;0
6;7667;0
6;7690;0
6;7691;0
6;7692;0
6;7720;0
6;7721;0
6;7722;0
6;7723;0
6;7724;0
6;7725;0
6;7726;0
6;7727;0
6;7728;0
6;7729;0
6;7730;0
6;7731;0
6;7732;0
6;7733;0
6;7734;0
6;7735;0
6;7736;0
6;7737;0
6;7738;0
6;7739;0
6;7740;0
6;7741;0
6;7742;0
6;7743;0
6;7744;0
6;7745;0
6;7746;0
6;7747;0
6;7748;0
6;7749;0
6;7750;0
6;7751;0
6;7752;0
6;7753;0
6;7754;0
6;7755;0
6;7756;0
6;7757;0
6;7758;0
6;7767;0
6;7773;0
6;7783;0
6;7784;0
6;7787;0
6;7790;0
6;7791;0
6;7792;0
6;7793;0
6;7794;0
6;7795;0
6;7796;0
6;7797;0
6;7798;0
6;7799;0
6;7800;0
6;7801;0
6;7802;0
6;7803;0
6;7804;0
6;7805;0
6;7811;0
6;7817;0
6;7818;0
6;7819;0
6;7820;0
6;7821;0
6;7823;0
6;7828;0
6;7829;0
6;7830;0
6;7832;0
6;7833;0
6;7834;0
6;7835;0
6;7836;0
6;7837;0
6;7838;0
6;7839;0
6;7840;0
6;7841;0
6;7842;0
6;7843;0
6;7844;0
6;7845;0
6;7846;0
6;7847;0
6;7848;0
6;7849;0
6;7850;0
6;7851;0
6;7852;0
6;7853;0
6;7854;0
6;7855;0
6;7856;0
6;7857;0
6;7858;0
6;7859;0
6;7864;0
6;7884;0
6;7890;0
6;7938;0
6;7942;0
6;7943;0
6;7944;0
6;7945;0
6;7946;0
6;7961;0
6;7962;0
6;7963;0
6;7964;0
6;7965;0
6;7966;0
6;7967;0
6;7968;0
6;7969;0
6;7970;0
6;7972;0
6;7973;0
6;7974;0
6;7975;0
6;7976;0
6;7977;0
6;7978;0
6;7987;0
6;7988;0
6;7989;0
6;7990;0
6;7991;0
6;7992;0
6;7993;0
6;7994;0
6;7995;0
6;7996;0
6;7997;0
6;7998;0
6;7999;0
6;8000;0
6;8001;0
6;8002;0
6;8003;0
6;8004;0
6;8005;0
6;8006;0
6;8007;0
6;8008;0
6;8009;0
6;8010;0
6;8011;0
6;8012;0
6;8013;0
6;8014;0
6;8015;0
6;8016;0
6;8017;0
6;8018;0
6;8019;0
6;8020;0
6;8021;0
6;8022;0
6;8023;0
6;8024;0
6;8025;0
6;8026;0
6;8027;0
6;8028;0
6;8029;0
6;8031;0
6;8032;0
6;8033;0
6;8034;0
6;8035;0
6;8036;0
6;8037;0
6;8038;0
6;8039;0
6;8040;0
6;8041;0
6;8042;0
6;8043;0
6;8044;0
6;8045;0
6;8046;0
6;8047;0
6;8048;0
6;8049;0
6;8078;0
6;8079;0
6;8080;0
6;8081;0
6;8082;0
6;8084;0
6;8085;0
6;8087;0
6;8088;0
6;8089;0
6;8095;0
6;8096;0
6;8127;0
6;8128;0
6;8129;0
6;8130;0
6;8131;0
6;8132;0
6;8133;0
6;8134;0
6;8135;0
6;8136;0
6;8137;0
6;8138;0
6;8139;0
6;8141;0
6;8142;0
6;8147;0
6;8148;0
6;8149;0
6;8150;0
6;8151;0
6;8152;0
6;8153;0
6;8154;0
6;8155;0
6;8156;0
6;8157;0
6;8158;0
6;8159;0
6;8160;0
6;8161;0
6;8162;0
6;8163;0
6;8164;0
6;8167;0
6;8168;0
6;8169;0
6;8170;0
6;8171;0
6;8172;0
6;8173;0
6;8174;0
6;8176;0
6;8178;0
6;8179;0
6;8182;0
6;8183;0
6;8184;0
6;8185;0
6;8186;0
6;8187;0
6;8188;0
6;8189;0
6;8190;0
6;8191;0
6;8192;0
6;8193;0
6;8194;0
6;8195;0
6;8196;0
6;8197;0
6;8198;0
6;8199;0
6;8200;0
6;8201;0
6;8203;0
6;8208;0
6;8209;0
6;8210;0
6;8211;0
6;8212;0
6;8213;0
6;8214;0
6;8215;0
6;8217;0
6;8218;0
6;8219;0
6;8222;0
6;8223;0
6;8225;0
6;8226;0
6;8227;0
6;8228;0
6;8229;0
6;8230;0
6;8231;0
6;8232;0
6;8233;0
6;8234;0
6;8248;0
6;8250;0
6;8282;0
6;8284;0
6;8285;0
6;8287;0
6;8291;0
6;8293;0
6;8296;0
6;8337;0
6;8350;0
6;8351;0
6;8352;0
6;8353;0
6;8354;0
6;8355;0
6;8356;0
6;8358;0
6;8359;0
6;8360;0
6;8361;0
6;8362;0
6;8363;0
6;8364;0
6;8365;0
6;8366;0
6;8367;0
6;8368;0
6;8369;0
6;8370;0
6;8371;0
6;8372;0
6;8375;0
6;8376;0
6;8377;0
6;8388;0
6;8389;0
6;8406;0
6;8407;0
6;8419;0
6;8420;0
6;8421;0
6;8422;0
6;8425;0
6;8426;0
6;8427;0
6;8428;0
6;8429;0
6;8430;0
6;8431;0
6;8432;0
6;8433;0
6;8434;0
6;8439;0
6;8450;0
6;8451;0
6;8452;0
6;8461;0
6;8469;0
6;8471;0
6;8476;0
6;8477;0
6;8478;0
6;8479;0
6;8480;0
6;8481;0
6;8482;0
6;8483;0
6;8484;0
6;8485;0
6;8486;0
6;8487;0
6;8488;0
6;8491;0
6;8492;0
6;8497;0
6;8498;0
6;8500;0
6;8501;0
6;8502;0
6;8503;0
6;8504;0
6;8505;0
6;8506;0
6;8507;0
6;8508;0
6;8509;0
6;8510;0
6;8512;0
6;8513;0
6;8515;0
6;8516;0
6;8517;0
6;8518;0
6;8519;0
6;8520;0
6;8521;0
6;8522;0
6;8523;0
6;8524;0
6;8525;0
6;8526;0
6;8527;0
6;8528;0
6;8529;0
6;8530;0
6;8533;0
6;8534;0
6;8535;0
6;8536;0
6;8547;0
6;8548;0
6;8549;0
6;8550;0
6;8551;0
6;8552;0
6;8553;0
6;8555;0
6;8556;0
6;8557;0
6;8558;0
6;8559;0
6;8560;0
6;8561;0
6;8562;0
6;8563;0
6;8567;0
6;8570;0
6;8572;0
6;8574;0
6;8575;0
6;8576;0
6;8577;0
6;8578;0
6;8579;0
6;8581;0
6;8583;0
6;8584;0
6;8585;0
6;8586;0
6;8587;0
6;8588;0
6;8589;0
6;8590;0
6;8598;0
6;8601;0
6;8608;0
6;8611;0
6;8612;0
6;8622;0
6;8650;0
6;8654;0
6;8673;0
6;8683;0
6;8692;0
6;8693;0
6;8695;0
6;8696;0
6;8697;0
6;8698;0
6;8700;0
6;8701;0
6;8702;0
6;8704;0
6;8705;0
6;8706;0
6;8707;0
6;8708;0
6;8709;0
6;8711;0
6;8712;0
6;8715;0
6;8721;0
6;8722;0
6;8723;0
6;8724;0
6;8726;0
6;8727;0
6;8728;0
6;8729;0
6;8730;0
6;8731;0
6;8733;0
6;8734;0
6;8735;0
6;8736;0
6;8737;0
6;8738;0
6;8739;0
6;8740;0
6;8741;0
6;8742;0
6;8743;0
6;8744;0
6;8745;0
6;8746;0
6;8747;0
6;8748;0
6;8769;0
6;8773;0
6;8781;0
6;8782;0
6;8783;0
6;8784;0
6;8785;0
6;8786;0
6;8787;0
6;8788;0
6;8789;0
6;8802;0
6;8811;0
6;8831;0
6;8843;0
6;8844;0
6;8848;0
6;8859;0
6;8860;0
6;8861;0
6;8862;0
6;8863;0
6;8864;0
6;8865;0
6;8866;0
6;8867;0
6;8868;0
6;8875;0
6;8877;0
6;8878;0
6;8879;0
6;8880;0
6;8896;0
6;8898;0
6;8901;0
6;8902;0
6;8903;0
6;8904;0
6;8906;0
6;8907;0
6;8913;0
6;8914;0
6;8915;0
6;8916;0
6;8917;0
6;8918;0
6;8919;0
6;8921;0
6;8926;0
6;8927;0
6;8928;0
6;8943;0
6;8944;0
6;8945;0
6;8946;0
6;8947;0
6;8949;0
6;8950;0
6;8951;0
6;8952;0
6;8953;0
6;8954;0
6;8955;0
6;8956;0
6;8957;0
6;8958;0
6;8959;0
6;8960;0
6;8961;0
6;8970;0
6;8972;0
6;8989;0
6;8996;0
6;9005;0
6;9008;0
6;9009;0
6;9011;0
6;9012;0
6;9013;0
6;9014;0
6;9015;0
6;9016;0
6;9017;0
6;9018;0
6;9019;0
6;9020;0
6;9021;0
6;9023;0
6;9024;0
6;9026;0
6;9027;0
6;9028;0
6;9034;0
6;9035;0
6;9036;0
6;9038;0
6;9087;0
6;9089;0
6;9090;0
6;9091;0
6;9092;0
6;9093;0
6;9094;0
6;9096;0
6;9097;0
6;9099;0
6;9100;0
6;9103;0
6;9106;0
6;9107;0
6;9108;0
6;9110;0
6;9112;0
6;9114;0
6;9115;0
6;9116;0
6;9117;0
6;9131;0
6;9162;0
6;9164;0
6;9185;0
6;9187;0
6;9188;0
6;9189;0
6;9208;0
6;9210;0
6;9215;0
6;9216;0
6;9217;0
6;9218;0
6;9219;0
6;9220;0
6;9221;0
6;9222;0
6;9223;0
6;9224;0
6;9225;0
6;9226;0
6;9228;0
6;9229;0
6;9230;0
6;9231;0
6;9232;0
6;9233;0
6;9235;0
6;9236;0
6;9237;0
6;9238;0
6;9239;0
6;9241;0
6;9242;0
6;9243;0
6;9245;0
6;9246;0
6;9247;0
6;9249;0
6;9258;0
6;9259;0
6;9260;0
6;9261;0
